<?xml version="1.0" encoding="UTF-8" standalone="yes"?>
<?xml-stylesheet type="text/xsl" href="modx.prosilver.en.xsl"?>
<!--NOTICE: Please open this file in your web browser. If presented with a security warning, you may safely tell it to allow the blocked content.-->
<!--For security purposes, please check: http://www.phpbb.com/mods/ for the latest version of this MOD.\nAlthough MODs are checked before being allowed in the MODs Database there is no guarantee that there are no security problems within the MOD.\nNo support will be given for MODs not found within the MODs Database which can be found at http://www.phpbb.com/mods/-->
<mod xmlns:xsi="http://www.w3.org/2001/XMLSchema-instance" xmlns="http://www.phpbb.com/mods/xml/modx-1.2.3.xsd">
	<header>
		<meta name="generator" content="MODX file generated by MODX Generator by tumba25"/>
		<title lang="en"><![CDATA[Shinobi War Fairy Mod]]></title>
	</header>
	<action-group>
		<copy>
			<file from="root/src/TestClass.php" to="src/TestClass.php"/>
		</copy>
		<open src="index.php">
			<edit>
				<find><![CDATA[include($phpbb_root_path . 'includes/functions_display.' . $phpEx);]]></find>
				<action type="after-add"><![CDATA[
require_once('src/TestClass.php');

$testClass = new TestClass();

$testClass->testMethod();]]></action>
			</edit>
		</open>
		<open src="includes/bbcode.php"/>
		<open src="includes/message_parser.php"/>
		<open src="styles/prosilver/template/overall_header.html"/>
		<open src="styles/prosilver/template/posting_buttons.html"/>
		<open src="styles/prosilver/template/posting_editor.html"/>
		<open src="styles/prosilver/template/simple_header.html"/>
	</action-group>
</mod>
